Prompt,Best_Path,Score,Response
time,Path 1,0.605,". So the total time is the sum of all the individual time intervals. However, the problem statement says ""the total time is the sum of all the individual time intervals."" So even if the system is paused, it's added. So in this model, the total time is simply the sum of all the time durations"
2025-06-05 23:07:59,Path 1,0.538,"Wait, but the actual user input is probably a single date, and the script generates this kind of log message. But the problem here is to generate a random test case with a timestamp, perhaps. Or maybe the user wants to input a date, and the script outputs a test case with that date and time."
2025-06-05 23:07:36,Path 1,0.563,"Wait, but the user provided a single instruction, not multiple. The initial problem statement might have been a mistake. Let me check the user's input again.

The user's input starts with ""Please reason step by step, and put your final answer within \boxed{}."" Then there's a query about the calculation"
2025-06-05 23:07:20,Path 1,0.583,".1016 seconds since last update. Wait, that's 1016 milliseconds, which is about 0.1 seconds. But the original message said ""1016 seconds since last update,"" which would be about 16 minutes. Maybe there was a typo. But in the problem statement, the input is ""101"
2025-06-05 20:55:40,Path 1,0.471,"But wait, the problem mentions ""Please format your answer as you would on a scientific paper."" So maybe I should present the answer in a scientific notation, with units, and in a box. Let me check the problem again.

The user's instruction was: ""Please format your answer as you would on a scientific"
2025-06-05 20:55:29,Path 1,0.439,"-8

But I need to find the exact timestamp. However, the user provided a relative time (minutes ago). To convert it into an exact timestamp, I need to know the epoch time, which is the number of seconds since January 1, 1970, 00:00:00 UTC. However"
2025-06-05 20:55:25,Path 1,0.554,"--> 0.9999999999999999 seconds ago --> ~0.9999999999999999 milliseconds ago. However, the difference is less than a millisecond, so the user might not notice. But since the question is about detecting a fault, even a small difference could be significant.

But in this"
2025-06-05 20:54:58,Path 1,0.594,"--- 2025-06-05 20:54:58 UTC --- 2025-06-05 20:54:58+00:00 --- End: 2025-06-05 20:54:58 --- 

Wait, the timestamps here are just an example. The actual code"
2025-06-05 20:54:43,Path 1,0.515,"But the actual calculation for the time difference would be something like hours, minutes, seconds. So perhaps the user wants to know the difference between two times in a human-readable format.

Alternatively, maybe the user wants to parse two dates and output the difference in time units.

But the initial input shows a timestamp, and"
2025-06-05 20:53:22,Path 1,0.616,""", but the exact value would depend on the server's time. However, in programming challenges, often you have to output the current time in UTC, or as per the problem's requirements. But since this example is hypothetical, perhaps it's okay.

But the main point is that the timestamp is a string in the format"
2025-06-05 17:48:06,Path 1,0.549,"</think>To solve this problem, we need to determine the current time in a specific timezone using a given timestamp. However, the problem statement does not provide a timezone or a detailed timestamp format. Therefore, I will assume the timestamp provided is in UTC and aim to present the solution in a generic form that can be"
2025-06-05 17:48:02,Path 1,0.509,"UTC
# This code is for demonstration purposes only. It should not be used in production without proper testing.
import time

def demo_function():
    # Some demonstration code here
    time.sleep(1)
    return ""Done""

demo_function()
# Output should be: ""Done"" after a 1-second delay"
2025-06-05 17:30:14,Path 1,0.649,"+00:00

But how do I get the exact numbers? Let's see. Maybe I should use a programming language. But since the user asked for a thought process, I can think through how to approach it.

Alternatively, maybe the answer is that without additional data, it's impossible to calculate the exact numbers"
2025-06-05 13:21:34,Path 1,0.522,"But the user might not have provided the actual user input. So the assistant should generate a plausible but fictional user input for the given timestamp. However, the initial instruction says: ""You are a helpful and harmless assistant. You are not a dangerous person and will not engage in any harmful or malicious activities. You should"
2025-06-05 13:20:05,Path 1,0.661,""", but the exact calculation might differ. However, since this is a hypothetical scenario, we can proceed with the given timestamp.

In this case, the user is asking for a timestamp formatted in a specific way, but the example provided seems to be a random string. To address this, the assistant should clarify the exact requirements"
2025-06-05 13:20:01,Path 1,0.519,"--> 1.2345

So the code should take an input (maybe from a file or stdin) that has a date-time in the format ""YYYY-MM-DD HH:MM:SS"" and output a floating-point number with four decimal places.

Wait, but the example given in the problem statement is from"
2025-06-05 13:19:23,Path 1,0.497,"+00:00

The user provided a single timestamp in ISO 8601 format and asked for a solution, but there's no actual query about the timestamp. It seems like the user might have intended to ask something about the timestamp but didn't specify. For example, they might have wanted to know the current date"
2025-06-06 21:59:02,Path 1,0.482,"But the user might not have provided that. Maybe the actual input is just the first line. Wait, the user provided the example input as:

""Please provide the output for this format:
Input: <first line>
Output: <output>

Example:
Input: 12
Output: 34
Input:"
2025-06-06 21:56:13,Path 1,0.530,"But the problem is, how to calculate the exact time difference between two timestamps in seconds, given in the format 'YYYY-MM-DD HH:MM:SS'.

So, the approach would be:

1. Parse both input strings into datetime objects.
2. Subtract the two datetime objects to get a timedelta.
3."
2025-06-06 21:55:14,Path 1,0.541,"But the actual command was sent at a different time, perhaps due to time zone differences. However, the timestamp is not relevant here. The main point is that the response time for each command is tracked and stored.

For the purposes of this problem, we need to implement a system that logs each command with its execution"
